,Unnamed: 0,restaurant,category,food,price
0,0.0,غذای بیرون بر سرو,چلو کباب,چلو کباب کوبیده معمولی ," ۱۰۰,۰۰۰ تومان"
1,1.0,غذای بیرون بر سرو,چلو کباب,چلو کباب میکس ," ۱۱۰,۰۰۰ تومان"
2,2.0,غذای بیرون بر سرو,چلو کباب,چلو جوجه کباب سینه ," ۱۲۰,۰۰۰ تومان"
3,3.0,غذای بیرون بر سرو,چلو کباب,چلو کباب کوبیده مرغ ," ۱۱۰,۰۰۰ تومان"
4,4.0,غذای بیرون بر سرو,چلو پلو ایرانی,زرشک پلو با ران مرغ سرخ شده ," ۹۰,۰۰۰ تومان"
5,5.0,غذای بیرون بر سرو,چلو پلو ایرانی,شوید پلو با ماهی ," ۱۴۰,۰۰۰ تومان"
6,6.0,غذای بیرون بر سرو,چلو پلو ایرانی,کلم پلو شیرازی ," ۸۰,۰۰۰ تومان"
7,7.0,غذای بیرون بر سرو,چلو پلو ایرانی,استامبولی ," ۶۰,۰۰۰ تومان"
8,8.0,غذای بیرون بر سرو,چلو پلو ایرانی,عدس پلو با گوشت ," ۶۰,۰۰۰ تومان"
9,9.0,غذای بیرون بر سرو,چلو پلو ایرانی,ماکارونی ," ۶۰,۰۰۰ تومان"
10,10.0,غذای بیرون بر سرو,چلو خورشت,چلو خورشت قیمه سیب زمینی ," ۷۵,۰۰۰ تومان"
11,11.0,غذای بیرون بر سرو,چلو خورشت,چلو خورشت بادمجان ," ۷۵,۰۰۰ تومان"
12,12.0,غذای بیرون بر سرو,نوشیدنی,نوشابه بطری ," ۱۵,۰۰۰ تومان"
13,13.0,غذای بیرون بر سرو,نوشیدنی,نوشابه خانواده پپسی کولا ," ۱۵,۰۰۰ تومان"
14,14.0,غذای بیرون بر سرو,نوشیدنی,ماءالشعیر شیشه ای دلستر ," ۱۵,۰۰۰ تومان"
15,15.0,غذای بیرون بر سرو,نوشیدنی,ماءالشعیر خانواده دلستر ," ۳۶,۰۰۰ تومان"
16,16.0,غذای بیرون بر سرو,نوشیدنی,آب معدنی کوچک ," ۳۶,۰۰۰ تومان"
17,17.0,غذای بیرون بر سرو,نوشیدنی,آب معدنی بزرگ ," ۳۶,۰۰۰ تومان"
18,18.0,کافه مکعب,صبحانه,املت ," ۸۰,۰۰۰ تومان"
19,19.0,کافه مکعب,صبحانه,سوسیس تخم مرغ ," ۷۰,۰۰۰ تومان"
20,20.0,کافه مکعب,پیش غذا,سیب زمینی سرخ شده ," ۵۵,۰۰۰ تومان"
21,21.0,کافه مکعب,پیش غذا,سیب زمینی سرخ شده ویژه ," ۱۳۵,۰۰۰ تومان"
22,22.0,کافه مکعب,آبمیوه طبیعی,آب هویج ," ۲۵,۰۰۰ تومان"
23,23.0,کافه مکعب,آبمیوه طبیعی,آب طالبی ," ۳۵,۰۰۰ تومان"
24,24.0,کافه مکعب,میکس شیر,شیر موز ," ۴۰,۰۰۰ تومان"
25,25.0,کافه مکعب,میکس شیر,شیر انبه ," ۷۰,۰۰۰ تومان"
26,26.0,کافه مکعب,میکس شیر,شیر خرما ," ۴۰,۰۰۰ تومان"
27,27.0,کافه مکعب,شیک,شیک شکلات ," ۸۵,۰۰۰ تومان"
28,28.0,کافه مکعب,شیک,شیک کره بادام زمینی ," ۸۵,۰۰۰ تومان"
29,29.0,کافه مکعب,قهوه سرد,آیس موکا ," ۷۰,۰۰۰ تومان"
30,30.0,کافه مکعب,قهوه سرد,آیس امریکانو ," ۴۵,۰۰۰ تومان"
31,31.0,کافه مکعب,نوشیدنی گرم,هات چاکلت ," ۴۰,۰۰۰ تومان"
32,32.0,کافه مکعب,نوشیدنی گرم,وایت چاکلت ," ۴۰,۰۰۰ تومان"
33,33.0,کافه مکعب,قهوه,اسپرسو ۳۰ درصد عربیکا ," ۲۵,۰۰۰ تومان"
34,34.0,کافه مکعب,قهوه,امریکانو ," ۳۸,۰۰۰ تومان"
35,35.0,کافه مکعب,چای و دمنوش,چای زعفران ," ۲۵,۰۰۰ تومان"
36,36.0,کافه مکعب,چای و دمنوش,چای سبز ," ۲۵,۰۰۰ تومان"
37,37.0,کافه مکعب,کیک و دسر,وافل میوه ," ۱۱۰,۰۰۰ تومان"
38,38.0,کافه مکعب,کیک و دسر,وافل بستنی ," ۹۰,۰۰۰ تومان"
39,39.0,کافه مکعب,بستنی اسکوپی,بستنی اسکوپی وانیلی ," ۱۲,۰۰۰ تومان"
40,40.0,کافه مکعب,بستنی اسکوپی,بستنی اسکوپی شکلاتی ," ۱۲,۰۰۰ تومان"
41,41.0,فست فود نوژان,پیتزا ایتالیایی,پیتزا رست بیف ایتالیایی ," ۳۳۹,۰۰۰ تومان"
42,42.0,فست فود نوژان,پیتزا ایتالیایی,پیتزا استیک ایتالیایی ," ۳۲۸,۰۰۰ تومان"
43,43.0,فست فود نوژان,پیتزا ایتالیایی,پیتزا چیکن گریل ایتالیایی ," ۲۷۵,۰۰۰ تومان"
44,44.0,فست فود نوژان,پیتزا ایتالیایی,پیتزا چیکن پستو ایتالیایی ," ۲۸۸,۰۰۰ تومان"
45,45.0,فست فود نوژان,پیتزا ایتالیایی,پیتزا بیکن ایتالیایی ," ۲۹۵,۰۰۰ تومان"
46,46.0,فست فود نوژان,پیتزا ایتالیایی,پیتزا سالامی بیکن ایتالیایی ," ۲۸۵,۰۰۰ تومان"
47,47.0,فست فود نوژان,پیتزا ایتالیایی,پیتزا پپرونی ایتالیایی  ," ۲۶۰,۰۰۰ تومان"
48,48.0,فست فود نوژان,پیتزا ایتالیایی,پیتزا ناژون ایتالیایی ," ۲۷۵,۰۰۰ تومان"
49,49.0,فست فود نوژان,پیتزا ایتالیایی,پیتزا سبزیجات ایتالیایی ," ۲۰۵,۰۰۰ تومان"
50,50.0,فست فود نوژان,پیتزا ایتالیایی,پیتزا چهار چیز ایتالیایی ," ۱۹۰,۰۰۰ تومان"
51,51.0,فست فود نوژان,پیتزا ایتالیایی,پیتزا مارگاریتا ایتالیایی ," ۱۷۵,۰۰۰ تومان"
52,52.0,فست فود نوژان,برگر,همبرگر ," ۱۷۷,۰۰۰ تومان"
53,53.0,فست فود نوژان,برگر,بیگ برگر ," ۳۱۷,۰۰۰ تومان"
54,54.0,فست فود نوژان,برگر,چیز برگر ," ۱۸۷,۰۰۰ تومان"
55,55.0,فست فود نوژان,برگر,سیمپل برگر ," ۱۸۷,۰۰۰ تومان"
56,56.0,فست فود نوژان,برگر,جوسی برگر ," ۲۱۷,۰۰۰ تومان"
57,57.0,فست فود نوژان,برگر,قارچ برگر ," ۲۱۷,۰۰۰ تومان"
58,58.0,فست فود نوژان,برگر,تیز برگر ," ۱۹۷,۰۰۰ تومان"
59,59.0,فست فود نوژان,برگر,اسموکی برگر ," ۱۹۱,۰۰۰ تومان"
60,60.0,فست فود نوژان,برگر,چیکن برگر ," ۱۳۹,۰۰۰ تومان"
61,61.0,فست فود نوژان,برگر,نوژان برگر ," ۲۳۵,۰۰۰ تومان"
62,62.0,فست فود نوژان,برگر,هات داگ برگر ," ۲۳۵,۰۰۰ تومان"
63,63.0,فست فود نوژان,برگر,میکس برگر ," ۲۵۹,۰۰۰ تومان"
64,64.0,فست فود نوژان,برگر,رویال برگر ," ۳۷۷,۰۰۰ تومان"
65,65.0,فست فود نوژان,ساندویچ,ساندویچ هات داگ ," ۱۲۵,۰۰۰ تومان"
66,66.0,فست فود نوژان,ساندویچ,ساندویچ چیکن سوخاری ," ۱۶۰,۰۰۰ تومان"
67,67.0,فست فود نوژان,پاستا,پاستا آلفردو ," ۱۹۵,۰۰۰ تومان"
68,68.0,فست فود نوژان,سالاد و پیش غذا,سالاد سزار با مرغ گریل ," ۱۸۵,۰۰۰ تومان"
69,69.0,فست فود نوژان,سالاد و پیش غذا,نان سیر ," ۱۲۵,۰۰۰ تومان"
70,70.0,فست فود نوژان,سالاد و پیش غذا,قارچ سوخاری ," ۸۹,۰۰۰ تومان"
71,71.0,فست فود نوژان,سالاد و پیش غذا,سیب زمینی سرخ شده ساده ," ۷۵,۰۰۰ تومان"
72,72.0,فست فود نوژان,سالاد و پیش غذا,سیب زمینی سرخ شده تنوری ," ۷۱,۰۰۰ تومان"
73,73.0,فست فود نوژان,سالاد و پیش غذا,سیب زمینی سرخ شده با سس پنیر چدار ," ۱۱۰,۰۰۰ تومان"
74,74.0,فست فود نوژان,سالاد و پیش غذا,سیب زمینی سرخ شده با سس قارچ ," ۱۱۰,۰۰۰ تومان"
75,75.0,فست فود نوژان,نوشیدنی,دوغ قوطی خوشگوار ," ۲۱,۰۰۰ تومان"
76,76.0,فست فود نوژان,نوشیدنی,نوشیدنی انرژی زا قوطی وان دی ," ۳۶,۰۰۰ تومان"
77,77.0,فست فود نوژان,نوشیدنی,نوشابه قوطی ," ۲۴,۰۰۰ تومان"
78,78.0,فست فود نوژان,نوشیدنی,ماءالشعیر قوطی هی دی ," ۲۱,۰۰۰ تومان"
79,79.0,فست فود نوژان,نوشیدنی,ماءالشعیر قوطی هی دی ," ۲۴,۰۰۰ تومان"
80,80.0,فست فود نوژان,نوشیدنی,آب معدنی کوچک ," ۲۱,۰۰۰ تومان"
81,81.0,فست فود زرین مشرق زمین,اضافات,سس کچاپ , ۸۰۰ تومان
82,82.0,فست فود زرین مشرق زمین,اضافات,سس مایونز  ," ۱,۵۰۰ تومان"
83,83.0,فست فود زرین مشرق زمین,اضافات,سس فرانسه ," ۱,۵۰۰ تومان"
84,84.0,فست فود زرین مشرق زمین,اضافات,سس چیلی ," ۴,۰۰۰ تومان"
85,85.0,فست فود زرین مشرق زمین,اضافات,سس دیپ چدار ," ۴۰,۰۰۰ تومان"
86,86.0,فست فود زرین مشرق زمین,اضافات,سس سیر ," ۴,۰۰۰ تومان"
87,87.0,فست فود زرین مشرق زمین,اضافات,سس سزار ," ۱۰,۰۰۰ تومان"
88,88.0,فست فود زرین مشرق زمین,اضافات,نان بروچن ," ۴,۵۰۰ تومان"
89,89.0,فست فود زرین مشرق زمین,اضافات,سس باربیکیو ," ۴,۰۰۰ تومان"
90,90.0,فست فود زرین مشرق زمین,پیتزا ایتالیایی,پیتزا سوخاری کراست ," ۳۶۹,۰۰۰ تومان"
91,91.0,فست فود زرین مشرق زمین,پیتزا ایتالیایی,پیتزا نوستالژی ایتالیایی ," ۱۶۵,۰۰۰ تومان"
92,92.0,فست فود زرین مشرق زمین,پیتزا ایتالیایی,پیتزا سراچا ایتالیایی ," ۲۰۴,۰۰۰ تومان"
93,93.0,فست فود زرین مشرق زمین,پیتزا ایتالیایی,کیک پیتزا ," ۲۹۲,۰۰۰ تومان"
94,94.0,فست فود زرین مشرق زمین,پیتزا ایتالیایی,پیتزا سراچا ایتالیایی ," ۲۴۸,۰۰۰ تومان"
95,95.0,فست فود زرین مشرق زمین,پیتزا ایتالیایی,پیتزا میت لاورز ایتالیایی ," ۲۷۵,۰۰۰ تومان"
96,96.0,فست فود زرین مشرق زمین,پیتزا ایتالیایی,پیتزا زرین (ایتالیایی) ," ۲۴۸,۰۰۰ تومان"
97,97.0,فست فود زرین مشرق زمین,پیتزا ایتالیایی,پیتزا جولین (ایتالیایی) ," ۲۹۲,۰۰۰ تومان"
98,98.0,فست فود زرین مشرق زمین,پیتزا ایتالیایی,پیتزا بولزانو (ایتالیایی) ," ۲۹۶,۰۰۰ تومان"
99,99.0,فست فود زرین مشرق زمین,پیتزا ایتالیایی,پیتزا چیکن (ایتالیایی) ," ۳۵۱,۰۰۰ تومان"
100,100.0,فست فود زرین مشرق زمین,پیتزا ایتالیایی,پیتزا دیاولا (ایتالیایی) ," ۲۵۹,۰۰۰ تومان"
101,101.0,فست فود زرین مشرق زمین,پیتزا ایتالیایی,پیتزا پپرونی (ایتالیایی) ," ۳۲۹,۰۰۰ تومان"
102,102.0,فست فود زرین مشرق زمین,پیتزا ایتالیایی,پیتزا چانو (ایتالیایی) ," ۲۷۰,۰۰۰ تومان"
103,103.0,فست فود زرین مشرق زمین,پیتزا ایتالیایی,پیتزا وجیترینا (ایتالیایی) ," ۳۳۶,۰۰۰ تومان"
104,104.0,فست فود زرین مشرق زمین,پیتزا ایتالیایی,پیتزا قارچ (ایتالیایی) ," ۲۷۰,۰۰۰ تومان"
105,105.0,فست فود زرین مشرق زمین,پیتزا ایتالیایی,پیتزا استاف کراست ," ۳۲۹,۰۰۰ تومان"
106,106.0,فست فود زرین مشرق زمین,پیتزا ایتالیایی,پیتزا چهارفصل ," ۲۰۹,۰۰۰ تومان"
107,107.0,فست فود زرین مشرق زمین,پیتزا ایتالیایی,پیتزا ساسج کراست ," ۲۴۲,۰۰۰ تومان"
108,108.0,فست فود زرین مشرق زمین,پیتزا ایتالیایی,پیتزا هات داگ زرین ," ۲۶۵,۰۰۰ تومان"
109,109.0,فست فود زرین مشرق زمین,پیتزا ایتالیایی,پیتزا چیتزا ," ۳۴۰,۰۰۰ تومان"
110,110.0,فست فود زرین مشرق زمین,پیتزا بزرگ,پیتزا پلاس پپرونی ایتالیایی ," ۵۳۴,۰۰۰ تومان"
111,111.0,فست فود زرین مشرق زمین,پیتزا بزرگ,پیتزا پلاس چانو ایتالیایی ," ۶۵۵,۰۰۰ تومان"
112,112.0,فست فود زرین مشرق زمین,پیتزا بزرگ,پیتزا پلاس گوشت و مرغ ایتالیایی ," ۶۸۲,۰۰۰ تومان"
113,113.0,فست فود زرین مشرق زمین,پیتزا بزرگ,پیتزا پلاس زرین ," ۷۱۵,۰۰۰ تومان"
114,114.0,فست فود زرین مشرق زمین,پیتزا بزرگ,پیتزا پلاس جولین (چهار نفره) ," ۶۸۲,۰۰۰ تومان"
115,115.0,فست فود زرین مشرق زمین,پیتزا بزرگ,پیتزا پلاس چیکن (چهار نفره) ," ۶۲۲,۰۰۰ تومان"
116,116.0,فست فود زرین مشرق زمین,پیتزا بزرگ,پیتزا پلاس بولزانو (چهار نفره) ," ۶۶۰,۰۰۰ تومان"
117,117.0,فست فود زرین مشرق زمین,برگر,برگر سوخاری ," ۲۰۷,۰۰۰ تومان"
118,118.0,فست فود زرین مشرق زمین,برگر,ماشروم برگر ," ۱۷۵,۰۰۰ تومان"
119,119.0,فست فود زرین مشرق زمین,برگر,مگا ماشرو برگر ," ۲۷۷,۰۰۰ تومان"
120,120.0,فست فود زرین مشرق زمین,برگر,اسپشیال برگر ," ۲۳۶,۰۰۰ تومان"
121,121.0,فست فود زرین مشرق زمین,برگر,پپرونی برگر ," ۱۸۶,۰۰۰ تومان"
122,122.0,فست فود زرین مشرق زمین,برگر,هالو برگر ," ۱۷۴,۰۰۰ تومان"
123,123.0,فست فود زرین مشرق زمین,برگر,برگر ویژه  زرین ," ۲۴۸,۰۰۰ تومان"
124,124.0,فست فود زرین مشرق زمین,برگر,رویال برگر ," ۱۹۸,۰۰۰ تومان"
125,125.0,فست فود زرین مشرق زمین,برگر,برگر سوپر زرین ," ۲۳۳,۰۰۰ تومان"
126,126.0,فست فود زرین مشرق زمین,برگر,چیز برگر ," ۱۶۳,۰۰۰ تومان"
127,127.0,فست فود زرین مشرق زمین,برگر,مگا چیز برگر ," ۲۵۷,۰۰۰ تومان"
128,128.0,فست فود زرین مشرق زمین,برگر,مگا چیکن سوخاری ," ۲۲۰,۰۰۰ تومان"
129,129.0,فست فود زرین مشرق زمین,برگر,چیکن سوخاری ," ۱۶۵,۰۰۰ تومان"
130,130.0,فست فود زرین مشرق زمین,برگر,بولزانو برگر ," ۲۲۳,۰۰۰ تومان"
131,131.0,فست فود زرین مشرق زمین,برگر,میکس برگر ," ۲۲۰,۰۰۰ تومان"
132,132.0,فست فود زرین مشرق زمین,برگر,چیکن برگر ," ۱۲۵,۰۰۰ تومان"
133,133.0,فست فود زرین مشرق زمین,ساندویچ,ساندویچ هات داگ ," ۱۶۰,۰۰۰ تومان"
134,134.0,فست فود زرین مشرق زمین,ساندویچ,ساندویچ پیتزا ," ۱۱۰,۰۰۰ تومان"
135,135.0,فست فود زرین مشرق زمین,ساندویچ,ساندویچ هات داگ تنوری ," ۲۰۹,۰۰۰ تومان"
136,136.0,فست فود زرین مشرق زمین,ساندویچ,ساندویچ چیلی هات دات ," ۱۵۶,۰۰۰ تومان"
137,137.0,فست فود زرین مشرق زمین,ساندویچ,ساندویچ هات برگر ," ۲۰۹,۰۰۰ تومان"
138,138.0,فست فود زرین مشرق زمین,ساندویچ,ساندویچ هات چیکن ," ۲۲۰,۰۰۰ تومان"
139,139.0,فست فود زرین مشرق زمین,ساندویچ,ساندویچ هات اسپشیال ," ۲۴۲,۰۰۰ تومان"
140,140.0,فست فود زرین مشرق زمین,ساندویچ,ساندویچ هات داگ زرین ," ۱۹۳,۰۰۰ تومان"
141,141.0,فست فود زرین مشرق زمین,ساندویچ,ساندویچ تنوری زرین ," ۱۶۷,۰۰۰ تومان"
142,142.0,فست فود زرین مشرق زمین,ساندویچ,ساندویچ جولین ," ۲۱۹,۰۰۰ تومان"
143,143.0,فست فود زرین مشرق زمین,ساندویچ,ساندویچ زرین سوخاری ," ۲۲۰,۰۰۰ تومان"
144,144.0,فست فود زرین مشرق زمین,ساندویچ,ساندویچ آلما ," ۱۹۳,۰۰۰ تومان"
145,145.0,فست فود زرین مشرق زمین,ساندویچ,ساندویچ بولزانو ," ۲۲۶,۰۰۰ تومان"
146,146.0,فست فود زرین مشرق زمین,ساندویچ,ساندویچ دوما ," ۲۳۰,۰۰۰ تومان"
147,147.0,فست فود زرین مشرق زمین,سوخاری,چیکن استریپس ۳ تیکه ," ۱۷۹,۰۰۰ تومان"
148,148.0,فست فود زرین مشرق زمین,سوخاری,چیکن استریپس پنج تکه ," ۲۱۹,۵۰۰ تومان"
149,149.0,فست فود زرین مشرق زمین,سوخاری,سبد لایت زرین ," ۲۹۲,۵۰۰ تومان"
150,150.0,فست فود زرین مشرق زمین,سوخاری,فراید زرین ," ۲۴۰,۰۰۰ تومان"
151,151.0,فست فود زرین مشرق زمین,منوی اقتصادی,مرغ سوخاری ۱۵ تکه  ," ۱,۲۱۰,۰۰۰ تومان"
152,152.0,فست فود زرین مشرق زمین,منوی اقتصادی,مرغ سوخاری نه تکه ," ۱,۳۷۰,۰۰۰ تومان"
153,153.0,فست فود زرین مشرق زمین,منوی اقتصادی,سوپر وینگز ," ۷۱۵,۰۰۰ تومان"
154,154.0,فست فود زرین مشرق زمین,منوی اقتصادی,سبد سوخاری ," ۷۸۸,۵۰۰ تومان"
155,155.0,فست فود زرین مشرق زمین,پیش غذا,سیب زمینی ویژه ," ۲۱۵,۰۰۰ تومان"
156,156.0,فست فود زرین مشرق زمین,پیش غذا,چیزی چیکن ," ۱۹۸,۰۰۰ تومان"
157,157.0,فست فود زرین مشرق زمین,پیش غذا,سیب زمینی ," ۹۵,۰۰۰ تومان"
158,158.0,فست فود زرین مشرق زمین,پیش غذا,سیب زمینی ," ۶۵,۰۰۰ تومان"
159,159.0,فست فود زرین مشرق زمین,پیش غذا,نان سیر ," ۱۱۲,۰۰۰ تومان"
160,160.0,فست فود زرین مشرق زمین,پیش غذا,کتف و بال سوخاری ," ۱۶۱,۰۰۰ تومان"
161,161.0,فست فود زرین مشرق زمین,سالاد,بشقاب رژیمی ," ۲۳۱,۰۰۰ تومان"
162,162.0,فست فود زرین مشرق زمین,سالاد,سالاد فیله سوخاری ," ۲۵۶,۰۰۰ تومان"
163,163.0,فست فود زرین مشرق زمین,سالاد,سالاد سزار ," ۱۹۷,۰۰۰ تومان"
164,164.0,فست فود زرین مشرق زمین,نوشیدنی,دوغ قوطی ," ۱۹,۵۰۰ تومان"
165,165.0,فست فود زرین مشرق زمین,نوشیدنی,لیموناد قوطی ," ۱۹,۵۰۰ تومان"
166,166.0,فست فود زرین مشرق زمین,نوشیدنی,نوشابه قوطی ," ۱۹,۵۰۰ تومان"
167,167.0,فست فود زرین مشرق زمین,نوشیدنی,ماءالشعیر قوطی هی دی ," ۱۹,۵۰۰ تومان"
168,168.0,فست فود زرین مشرق زمین,نوشیدنی,آب معدنی کوچک ," ۱۹,۵۰۰ تومان"
169,169.0,کباب بره صوفیا,کباب,خوراک کباب بناب اصل ," ۲۷۰,۰۰۰ تومان"
170,170.0,کباب بره صوفیا,کباب,خوراک کباب کوبیده ," ۹۳,۰۰۰ تومان"
171,171.0,کباب بره صوفیا,کباب,خوراک کباب لقمه ," ۱۵۵,۰۰۰ تومان"
172,172.0,کباب بره صوفیا,کباب,خوراک کباب کوبیده مرغ ," ۵۵,۰۰۰ تومان"
173,173.0,کباب بره صوفیا,کباب,خوراک کباب میکس ," ۱۴۸,۰۰۰ تومان"
174,174.0,کباب بره صوفیا,کباب,خوراک کباب شیشلیک مخصوص ," ۳۹۰,۰۰۰ تومان"
175,175.0,کباب بره صوفیا,کباب,خوراک کباب برگ ," ۳۰۵,۰۰۰ تومان"
176,176.0,کباب بره صوفیا,کباب,خوراک کباب سلطانی ," ۴۲۵,۰۰۰ تومان"
177,177.0,کباب بره صوفیا,کباب,خوراک کباب نگینی مخصوص ," ۱۵۰,۰۰۰ تومان"
178,178.0,کباب بره صوفیا,کباب,خوراک کباب بختیاری ," ۲۳۵,۰۰۰ تومان"
179,179.0,کباب بره صوفیا,کباب,خوراک جوجه کباب با استخوان ," ۱۵۰,۰۰۰ تومان"
180,180.0,کباب بره صوفیا,کباب,خوراک جوجه کباب برگ مخصوص ," ۱۹۰,۰۰۰ تومان"
181,181.0,کباب بره صوفیا,کباب,خوراک جوجه کباب لقمه ای مخصوص ," ۱۷۰,۰۰۰ تومان"
182,182.0,کباب بره صوفیا,کباب,گوجه کبابی ," ۱۵,۰۰۰ تومان"
183,183.0,کباب بره صوفیا,ساندویچ,ساندویچ کباب کوبیده مخصوص ," ۱۰۵,۰۰۰ تومان"
184,184.0,کباب بره صوفیا,ساندویچ,ساندویچ کباب کوبیده مرغ ," ۷۰,۰۰۰ تومان"
185,185.0,کباب بره صوفیا,ساندویچ,ساندویچ کباب کوبیده میکس ," ۱۶۳,۰۰۰ تومان"
186,186.0,کباب بره صوفیا,پیش غذا,زیتون شور ," ۲۰,۰۰۰ تومان"
187,187.0,کباب بره صوفیا,پیش غذا,زیتون پرورده ," ۲۰,۰۰۰ تومان"
188,188.0,کباب بره صوفیا,پیش غذا,ماست موسیر ," ۲۰,۰۰۰ تومان"
189,189.0,کباب بره صوفیا,نوشیدنی,نوشابه بطری ," ۱۴,۰۰۰ تومان"
190,190.0,کباب بره صوفیا,نوشیدنی,نوشابه خانواده پپسی کولا ," ۱۴,۰۰۰ تومان"
191,191.0,کباب بره صوفیا,نوشیدنی,ماءالشعیر قوطی هی دی ," ۱۴,۰۰۰ تومان"
192,192.0,کباب بره صوفیا,نوشیدنی,دوغ بطری محلی ," ۳۳,۰۰۰ تومان"
193,193.0,کباب بره صوفیا,نوشیدنی,دوغ خانواده محلی ," ۳۳,۰۰۰ تومان"
194,194.0,کباب بره صوفیا,نوشیدنی,آب معدنی کوچک ," ۳۳,۰۰۰ تومان"
195,195.0,کباب بره صوفیا,نوشیدنی,آب معدنی بزرگ ," ۲۴,۰۰۰ تومان"
196,196.0,فست فود قارچ ویچ,نوشیدنی,نوشابه شیشه ای ," ۲۰,۰۰۰ تومان"
197,197.0,فست فود قارچ ویچ,نوشیدنی,نوشابه بطری ," ۲۰,۰۰۰ تومان"
198,198.0,فست فود قارچ ویچ,نوشیدنی,نوشابه قوطی ," ۱۴,۵۰۰ تومان"
199,199.0,فست فود قارچ ویچ,نوشیدنی,نوشابه خانواده پپسی کولا ," ۱۴,۵۰۰ تومان"
200,200.0,فست فود قارچ ویچ,نوشیدنی,ماءالشعیر خانواده هی دی ," ۱۴,۵۰۰ تومان"
201,201.0,فست فود قارچ ویچ,نوشیدنی,ماءالشعیر خانواده سن ایچ ," ۲۲,۰۰۰ تومان"
202,202.0,فست فود قارچ ویچ,نوشیدنی,لیموناد شیشه ای زمزم ," ۲۲,۰۰۰ تومان"
203,203.0,فست فود قارچ ویچ,نوشیدنی,دوغ شیشه ای آبعلی ," ۲۲,۰۰۰ تومان"
204,204.0,فست فود قارچ ویچ,نوشیدنی,دوغ بطری اعلاء ," ۳۳,۰۰۰ تومان"
205,205.0,فست فود قارچ ویچ,نوشیدنی,آب معدنی کوچک ," ۳۳,۰۰۰ تومان"
206,206.0,فست فود قارچ ویچ,نوشیدنی,آب معدنی بزرگ ," ۳۳,۰۰۰ تومان"
207,207.0,خانه برگر,برگر,همبرگر مرغ ," ۱۰۹,۰۰۰ تومان"
208,208.0,خانه برگر,برگر,چیز برگر مرغ ," ۱۲۹,۰۰۰ تومان"
209,209.0,خانه برگر,برگر,ماشروم برگر مرغ ," ۱۲۹,۰۰۰ تومان"
210,210.0,خانه برگر,برگر,چیلی برگر مرغ ," ۱۱۰,۰۰۰ تومان"
211,211.0,خانه برگر,برگر,چیلی برگر ماشروم مرغ ," ۱۳۲,۰۰۰ تومان"
212,212.0,خانه برگر,برگر,چیکن دونر ," ۱۶۸,۰۰۰ تومان"
213,213.0,خانه برگر,برگر,چیکن پپرونی ," ۱۶۸,۰۰۰ تومان"
214,214.0,خانه برگر,برگر,چیکن رویال ," ۱۶۸,۰۰۰ تومان"
215,215.0,خانه برگر,برگر,چیز برگر اسپایسی مرغ ," ۱۲۹,۰۰۰ تومان"
216,216.0,خانه برگر,برگر,هات چیکن ," ۱۶۸,۰۰۰ تومان"
217,217.0,خانه برگر,برگر,دبل میکس پنیری ," ۲۱۹,۰۰۰ تومان"
218,218.0,خانه برگر,برگر,همبرگر گوشت ," ۱۳۳,۰۰۰ تومان"
219,219.0,خانه برگر,برگر,چیز برگر ," ۱۴۷,۰۰۰ تومان"
220,220.0,خانه برگر,برگر,ماشروم برگر ," ۱۴۷,۰۰۰ تومان"
221,221.0,خانه برگر,برگر,چیز برگر ماشروم ," ۱۵۷,۰۰۰ تومان"
222,222.0,خانه برگر,برگر,چیلی برگر ," ۱۳۵,۰۰۰ تومان"
223,223.0,خانه برگر,برگر,دونر برگر ," ۱۷۹,۰۰۰ تومان"
224,224.0,خانه برگر,برگر,هات دونر گوسفند ," ۱۷۹,۰۰۰ تومان"
225,225.0,خانه برگر,نوشیدنی,نوشابه قوطی ," ۲۴,۵۰۰ تومان"
226,226.0,خانه برگر,نوشیدنی,ماءالشعیر شیشه ای هی دی ," ۲۴,۵۰۰ تومان"
227,227.0,خانه برگر,نوشیدنی,دوغ بطری محلی ," ۲۴,۵۰۰ تومان"
228,228.0,خانه برگر,نوشیدنی,آب معدنی کوچک ," ۲۲,۰۰۰ تومان"
229,229.0,مرغ شکم پرهمت,خوراک,مرغ شکم پر با رب انار ," ۲۵۰,۰۰۰ تومان"
230,230.0,مرغ شکم پرهمت,بریان,بال بریان ," ۲۹۰,۰۰۰ تومان"
231,231.0,مرغ شکم پرهمت,نوشیدنی,نوشابه خانواده پپسی کولا ," ۳۰,۰۰۰ تومان"
232,232.0,مرغ شکم پرهمت,نوشیدنی,دوغ خانواده آبعلی ," ۳۰,۰۰۰ تومان"
233,233.0,رستوران ۹۰,چلو کباب,چلوکباب کوبیده گوشت ," ۱۸۰,۰۰۰ تومان"
234,234.0,رستوران ۹۰,چلو کباب,چلو کباب وزیری ," ۱۲۰,۰۰۰ تومان"
235,235.0,رستوران ۹۰,چلو کباب,چلو جوجه کباب سینه مرغ  ," ۱۳۰,۰۰۰ تومان"
236,236.0,رستوران ۹۰,چلو کباب,چلو بال و بازو کبابی ," ۱۰۰,۰۰۰ تومان"
237,237.0,رستوران ۹۰,چلو کباب,چلو کره ," ۵۰,۰۰۰ تومان"
238,238.0,رستوران ۹۰,چلو پلو ایرانی,چلو رولت ," ۲۱۰,۰۰۰ تومان"
239,239.0,رستوران ۹۰,چلو پلو ایرانی,چلو اکبر جوجه ," ۲۰۰,۰۰۰ تومان"
240,240.0,رستوران ۹۰,چلو پلو ایرانی,چلو مرغ ران سرخ شده ," ۱۱۵,۰۰۰ تومان"
241,241.0,رستوران ۹۰,چلو پلو ایرانی,چلو مرغ سینه سرخ شده ," ۱۱۵,۰۰۰ تومان"
242,242.0,رستوران ۹۰,چلو پلو ایرانی,چلو ماهی شکم پر ," ۲۵۰,۰۰۰ تومان"
243,243.0,رستوران ۹۰,چلو خورشت,چلو خورشت قورمه سبزی ," ۹۵,۰۰۰ تومان"
244,244.0,رستوران ۹۰,چلو خورشت,چلو خورشت قیمه سیب زمینی ," ۹۵,۰۰۰ تومان"
245,245.0,رستوران ۹۰,چلو خورشت,چلو خورشت قیمه بادمجان ," ۹۵,۰۰۰ تومان"
246,246.0,رستوران ۹۰,نوشیدنی,نوشابه بطری ," ۱۱,۰۰۰ تومان"
247,247.0,رستوران ۹۰,نوشیدنی,نوشابه خانواده پپسی کولا ," ۱۱,۰۰۰ تومان"
248,248.0,رستوران ۹۰,نوشیدنی,ماءالشعیر خانواده هی دی ," ۱۱,۰۰۰ تومان"
249,249.0,رستوران ۹۰,نوشیدنی,دوغ خانواده خوشگوار ," ۳۰,۰۰۰ تومان"
250,250.0,رستوران ۹۰,نوشیدنی,آب معدنی کوچک ," ۳۰,۰۰۰ تومان"
251,251.0,رستوران ۹۰,نوشیدنی,آب معدنی بزرگ ," ۳۰,۰۰۰ تومان"
252,252.0,جعبه سوخاری,برگر,برگر دست ساز ," ۱۸۹,۰۰۰ تومان"
253,253.0,جعبه سوخاری,برگر,برگر سوخاری گوساله ," ۱۵۳,۰۰۰ تومان"
254,254.0,جعبه سوخاری,برگر,برگر سوخاری گوسفندی ," ۱۵۹,۰۰۰ تومان"
255,255.0,جعبه سوخاری,برگر,برگر میکس سوخاری ," ۲۴۱,۰۰۰ تومان"
256,256.0,جعبه سوخاری,برگر,برگر میکس گریل ," ۲۱۳,۰۰۰ تومان"
257,257.0,جعبه سوخاری,برگر,بیکن برگر ," ۲۲۹,۰۰۰ تومان"
258,258.0,جعبه سوخاری,برگر,دبل دان برگر ," ۲۶۳,۰۰۰ تومان"
259,259.0,جعبه سوخاری,ساندویچ,ساندویچ گردن ," ۲۶۷,۰۰۰ تومان"
260,260.0,جعبه سوخاری,ساندویچ,ساندویچ رست بیف ," ۱۷۷,۰۰۰ تومان"
261,261.0,جعبه سوخاری,ساندویچ,ساندویچ میکس رست ," ۱۴۵,۰۰۰ تومان"
262,262.0,جعبه سوخاری,ساندویچ,ساندویچ رست چیکن ," ۱۱۳,۰۰۰ تومان"
263,263.0,جعبه سوخاری,ساندویچ,ساندویچ فیله سوخاری ," ۱۱۷,۰۰۰ تومان"
264,264.0,جعبه سوخاری,ساندویچ,هات داگ ," ۱۴۳,۰۰۰ تومان"
265,265.0,جعبه سوخاری,ساندویچ,ساندویچ پیتزا ," ۹۹,۰۰۰ تومان"
266,266.0,جعبه سوخاری,سوخاری,سبد سوخاری ," ۴۸۳,۰۰۰ تومان"
267,267.0,جعبه سوخاری,سوخاری,مرغ سوخاری دو تکه ," ۱۹۷,۰۰۰ تومان"
268,268.0,جعبه سوخاری,سوخاری,مرغ سوخاری سه تکه ," ۲۲۷,۰۰۰ تومان"
269,269.0,جعبه سوخاری,سوخاری,مرغ سوخاری پنج تکه ," ۴۱۷,۰۰۰ تومان"
270,270.0,جعبه سوخاری,سوخاری,مرغ سوخاری هفت تکه ," ۵۶۳,۰۰۰ تومان"
271,271.0,جعبه سوخاری,سوخاری,بال سوخاری شش تکه ," ۱۷۹,۰۰۰ تومان"
272,272.0,جعبه سوخاری,سوخاری,فیله استریپس ," ۲۲۳,۰۰۰ تومان"
273,273.0,جعبه سوخاری,سوخاری,لقمه سوخاری ," ۲۱۵,۰۰۰ تومان"
274,274.0,جعبه سوخاری,سوخاری,میگو سوخاری ," ۲۳۹,۰۰۰ تومان"
275,275.0,جعبه سوخاری,سوخاری,پنیر سوخاری ," ۹۷,۰۰۰ تومان"
276,276.0,جعبه سوخاری,سوخاری,قارچ سوخاری  ," ۷۵,۰۰۰ تومان"
277,277.0,جعبه سوخاری,سوخاری,پیاز سوخاری ," ۵۳,۰۰۰ تومان"
278,278.0,جعبه سوخاری,پاستا,پاستا آلفردو ," ۱۷۹,۰۰۰ تومان"
279,279.0,جعبه سوخاری,سالاد,سالاد سزار سوخاری ," ۱۷۷,۰۰۰ تومان"
280,280.0,جعبه سوخاری,سالاد,سالاد سزار گریل ," ۱۵۷,۰۰۰ تومان"
281,281.0,جعبه سوخاری,پیش غذا,بوفالو وینگز ," ۱۲۱,۰۰۰ تومان"
282,282.0,جعبه سوخاری,پیش غذا,جعبه مزه ," ۱۶۷,۰۰۰ تومان"
283,283.0,جعبه سوخاری,پیش غذا,سیب زمینی سرخ شده ," ۵۷,۰۰۰ تومان"
284,284.0,جعبه سوخاری,پیش غذا,سیب زمینی سرخ شده مخصوص ," ۱۶۹,۰۰۰ تومان"
285,285.0,جعبه سوخاری,نوشیدنی,نوشابه قوطی ," ۲۲,۰۰۰ تومان"
286,286.0,جعبه سوخاری,نوشیدنی,دلستر ," ۲۲,۰۰۰ تومان"
287,287.0,جعبه سوخاری,نوشیدنی,دوغ شیشه ای آبعلی ," ۲۲,۰۰۰ تومان"
288,288.0,جعبه سوخاری,نوشیدنی,آب معدنی کوچک ," ۲۴,۰۰۰ تومان"
289,289.0,بیرون بر خان,چلو کباب,چلو جوجه کباب فیله ," ۱۶۰,۰۰۰ تومان"
290,290.0,بیرون بر خان,چلو کباب,چلو کره ," ۵۰,۰۰۰ تومان"
291,291.0,بیرون بر خان,کباب,خوراک جوجه کباب سینه ," ۱۲۰,۰۰۰ تومان"
292,292.0,بیرون بر خان,کباب,گوجه کبابی ," ۲۰,۰۰۰ تومان"
293,293.0,بیرون بر خان,چلو خورشت,خورشت قیمه بادمجان ," ۵۰,۰۰۰ تومان"
294,294.0,بیرون بر خان,چلو خورشت,چلو خورشت قیمه بادمجان ," ۱۰۰,۰۰۰ تومان"
295,295.0,بیرون بر خان,چلو خورشت,خورشت قیمه سیب زمینی ," ۵۰,۰۰۰ تومان"
296,296.0,بیرون بر خان,چلو خورشت,چلو خورشت قیمه سیب زمینی ," ۱۰۰,۰۰۰ تومان"
297,297.0,بیرون بر خان,چلو خورشت,خورشت قورمه سبزی ," ۵۰,۰۰۰ تومان"
298,298.0,بیرون بر خان,چلو خورشت,چلو خورشت قورمه سبزی ," ۱۰۰,۰۰۰ تومان"
299,299.0,بیرون بر خان,چلو پلو ایرانی,چلو گوشت زرندی ," ۲۴۰,۰۰۰ تومان"
300,300.0,بیرون بر خان,چلو پلو ایرانی,زرشک پلو با ران مرغ سرخ شده ," ۱۳۰,۰۰۰ تومان"
301,301.0,بیرون بر خان,چلو پلو ایرانی,زرشک پلو با سینه مرغ سرخ شده ," ۱۳۰,۰۰۰ تومان"
302,302.0,بیرون بر خان,چلو پلو ایرانی,چلو ماهی قزل آلا سرخ شده ," ۲۰۰,۰۰۰ تومان"
303,303.0,بیرون بر خان,خوراک,خوراک گوشت زرندی ," ۱۹۰,۰۰۰ تومان"
304,304.0,بیرون بر خان,خوراک,خوراک مرغ سرخ شده ," ۸۰,۰۰۰ تومان"
305,305.0,بیرون بر خان,خوراک,خوراک ماهی قزل آلا سرخ شده ," ۸۰,۰۰۰ تومان"
306,306.0,بیرون بر خان,نوشیدنی,نوشابه بطری ," ۱۱,۰۰۰ تومان"
307,307.0,بیرون بر خان,نوشیدنی,نوشابه قوطی ," ۱۱,۰۰۰ تومان"
308,308.0,بیرون بر خان,نوشیدنی,نوشابه خانواده پپسی کولا ," ۱۱,۰۰۰ تومان"
309,309.0,بیرون بر خان,نوشیدنی,ماءالشعیر شیشه ای هی دی ," ۱۹,۰۰۰ تومان"
310,310.0,بیرون بر خان,نوشیدنی,لیموناد شیشه ای خوشگوار ," ۱۹,۰۰۰ تومان"
311,311.0,بیرون بر خان,نوشیدنی,دوغ بطری محلی ," ۳۰,۰۰۰ تومان"
312,312.0,بیرون بر خان,نوشیدنی,دوغ خانواده محلی ," ۳۰,۰۰۰ تومان"
313,313.0,بیرون بر خان,نوشیدنی,آب معدنی کوچک ," ۳۰,۰۰۰ تومان"
314,314.0,بیرون بر خان,نوشیدنی,آب معدنی بزرگ ," ۲۱,۸۰۰ تومان"
315,315.0,فست فود داژو,پیتزا آمریکایی,پیتزا گوشت چرخ کرده آمریکایی ," ۲۱۴,۰۰۰ تومان"
316,316.0,فست فود داژو,پیتزا آمریکایی,پیتزا مخصوص داژو آمریکایی ," ۱۳۳,۰۰۰ تومان"
317,317.0,فست فود داژو,پیتزا آمریکایی,پیتزا لبنانی آمریکایی ," ۱۴۳,۰۰۰ تومان"
318,318.0,فست فود داژو,پیتزا آمریکایی,پیتزا بیف آمریکایی ," ۳۶۶,۰۰۰ تومان"
319,319.0,فست فود داژو,پیتزا آمریکایی,پیتزا چیکن آمریکایی ," ۱۸۴,۰۰۰ تومان"
320,320.0,فست فود داژو,پیتزا آمریکایی,پیتزا داژو آمریکایی ," ۱۰۹,۰۰۰ تومان"
321,321.0,فست فود داژو,پیتزا آمریکایی,پیتزا فیلتا چیکن آمریکایی ," ۱۱۹,۰۰۰ تومان"
322,322.0,فست فود داژو,پیتزا آمریکایی,پیتزا چهار فصل آمریکایی ," ۳۲۸,۰۰۰ تومان"
323,323.0,فست فود داژو,پیتزا آمریکایی,پیتزا پپرونی آمریکایی ," ۲۵۶,۰۰۰ تومان"
324,324.0,فست فود داژو,پیتزا آمریکایی,پیتزا وجترین آمریکایی ," ۱۳۹,۰۰۰ تومان"
325,325.0,فست فود داژو,پیتزا آمریکایی,پیتزا نان سیر آمریکایی ," ۱۴۹,۰۰۰ تومان"
326,326.0,فست فود داژو,پیتزا ایتالیایی,پیتزا روسی ایتالیایی ," ۲۴۴,۰۰۰ تومان"
327,327.0,فست فود داژو,پیتزا ایتالیایی,پیتزا استاف کراست ایتالیایی ," ۲۸۴,۰۰۰ تومان"
328,328.0,فست فود داژو,پیتزا ایتالیایی,پیتزا یونانی ایتالیایی ," ۲۴۴,۰۰۰ تومان"
329,329.0,فست فود داژو,پیتزا ایتالیایی,پیتزا کوادراتو ایتالیایی ," ۲۶۴,۰۰۰ تومان"
330,330.0,فست فود داژو,پیتزا ایتالیایی,پیتزا آپاچینو ایتالیایی ," ۲۵۹,۰۰۰ تومان"
331,331.0,فست فود داژو,پیتزا ایتالیایی,پیتزا فیلتا چیکن ایتالیایی ," ۲۶۶,۰۰۰ تومان"
332,332.0,فست فود داژو,پیتزا ایتالیایی,پیتزا افریکانا ایتالیایی ," ۲۵۴,۰۰۰ تومان"
333,333.0,فست فود داژو,پیتزا ایتالیایی,پیتزا روما ایتالیایی ," ۲۴۹,۰۰۰ تومان"
334,334.0,فست فود داژو,پیتزا ایتالیایی,پیتزا امریکانا ایتالیایی ," ۲۴۴,۰۰۰ تومان"
335,335.0,فست فود داژو,پیتزا ایتالیایی,پیتزا بلونیزه ایتالیایی ," ۲۵۴,۰۰۰ تومان"
336,336.0,فست فود داژو,پیتزا ایتالیایی,پیتزا سیسیلی ایتالیایی ," ۲۵۴,۰۰۰ تومان"
337,337.0,فست فود داژو,پیتزا ایتالیایی,پیتزا رویال ایتالیایی ," ۲۵۴,۰۰۰ تومان"
338,338.0,فست فود داژو,پیتزا ایتالیایی,پیتزا سیر و استیک ایتالیایی ," ۲۶۹,۰۰۰ تومان"
339,339.0,فست فود داژو,پیتزا ایتالیایی,پیتزا وگیتاله ایتالیایی ," ۱۸۴,۰۰۰ تومان"
340,340.0,فست فود داژو,پیتزا ایتالیایی,پیتزا نان سیر ایتالیایی ," ۱۶۴,۰۰۰ تومان"
341,341.0,فست فود داژو,پیتزا ایتالیایی,پیتزا چیز ایتالیایی ," ۱۵۴,۰۰۰ تومان"
342,342.0,فست فود داژو,برگر,دوبل برگر ," ۲۳۲,۰۰۰ تومان"
343,343.0,فست فود داژو,برگر,داژو برگر ," ۲۳۲,۰۰۰ تومان"
344,344.0,فست فود داژو,برگر,میکس برگر ," ۱۸۶,۰۰۰ تومان"
345,345.0,فست فود داژو,برگر,جنرال برگر ," ۱۳۵,۰۰۰ تومان"
346,346.0,فست فود داژو,برگر,کینگ برگر ," ۱۸۴,۰۰۰ تومان"
347,347.0,فست فود داژو,برگر,چیز برگر ," ۱۵۵,۰۰۰ تومان"
348,348.0,فست فود داژو,برگر,ماشروم برگر ," ۱۶۹,۰۰۰ تومان"
349,349.0,فست فود داژو,برگر,زینگر برگر ," ۱۴۵,۰۰۰ تومان"
350,350.0,فست فود داژو,ساندویچ,ساندویچ هات پنیری ," ۱۶۹,۰۰۰ تومان"
351,351.0,فست فود داژو,ساندویچ,ساندویچ داژو ," ۲۱۸,۰۰۰ تومان"
352,352.0,فست فود داژو,ساندویچ,ساندویچ پیتزا ," ۱۲۷,۰۰۰ تومان"
353,353.0,فست فود داژو,ساندویچ,ساندویچ کابوویچ ," ۲۲۸,۰۰۰ تومان"
354,354.0,فست فود داژو,ساندویچ,ساندویچ بیف تنوری ," ۲۲۱,۰۰۰ تومان"
355,355.0,فست فود داژو,ساندویچ,ساندویچ چیکن ویچ ," ۲۰۹,۰۰۰ تومان"
356,356.0,فست فود داژو,ساندویچ,ساندویچ هات داگ تنوری ," ۱۷۵,۰۰۰ تومان"
357,357.0,فست فود داژو,ساندویچ,ساندویچ هات رول ," ۲۴۴,۰۰۰ تومان"
358,358.0,فست فود داژو,غذای فرنگی,لازانیا ناپولی ," ۱۸۳,۰۰۰ تومان"
359,359.0,فست فود داژو,غذای فرنگی,لازانیا میکس ," ۱۹۹,۰۰۰ تومان"
360,360.0,فست فود داژو,غذای فرنگی,لازانیا روما ," ۱۸۹,۰۰۰ تومان"
361,361.0,فست فود داژو,سوخاری,فیله گریل رژیمی ," ۱۹۹,۰۰۰ تومان"
362,362.0,فست فود داژو,سوخاری,فیله استریپس سه تکه ," ۱۴۸,۰۰۰ تومان"
363,363.0,فست فود داژو,سوخاری,فیله استریپس پنج تکه ," ۱۹۹,۰۰۰ تومان"
364,364.0,فست فود داژو,سوخاری,چیکن فیله ," ۱۹۹,۰۰۰ تومان"
365,365.0,فست فود داژو,سوخاری,میکس دیس مخصوص ," ۲۴۳,۰۰۰ تومان"
366,366.0,فست فود داژو,سوخاری,قارچ سوخاری ," ۲۴۳,۰۰۰ تومان"
367,367.0,فست فود داژو,سالاد و پیش غذا,سیب زمینی سرخ کرده ," ۸۵,۰۰۰ تومان"
368,368.0,فست فود داژو,سالاد و پیش غذا,سالاد سزار سوخاری ," ۲۰۲,۰۰۰ تومان"
369,369.0,فست فود داژو,سالاد و پیش غذا,سالاد سزار گریل ," ۱۸۶,۰۰۰ تومان"
370,370.0,فست فود داژو,سالاد و پیش غذا,سیب زمینی سرخ شده ساده ," ۶۵,۰۰۰ تومان"
371,371.0,فست فود داژو,سالاد و پیش غذا,سیب زمینی سرخ شده ویژه ژامبون گوشت ," ۱۶۳,۰۰۰ تومان"
372,372.0,فست فود داژو,سالاد و پیش غذا,سیب زمینی سرخ شده ویژه چیکن ," ۱۷۹,۰۰۰ تومان"
373,373.0,فست فود داژو,سالاد و پیش غذا,سیب زمینی سرخ شده ویژه میکس ," ۱۷۵,۰۰۰ تومان"
374,374.0,فست فود داژو,نوشیدنی,آب معدنی اورانوس کوچک ," ۷,۵۰۰ تومان"
375,375.0,فست فود داژو,نوشیدنی,دلستر ," ۲۴,۹۰۰ تومان"
376,376.0,فست فود داژو,نوشیدنی,لیموناد خانواده زمزم ," ۲۷,۵۰۰ تومان"
377,377.0,فست فود داژو,نوشیدنی,ماءالشعیر شیشه ای بهنوش ," ۲۵,۰۰۰ تومان"
378,378.0,فست فود داژو,نوشیدنی,لیموناد شیشه ای زمزم ," ۲۵,۰۰۰ تومان"
379,379.0,فست فود داژو,نوشیدنی,نوشابه قوطی ," ۲۵,۰۰۰ تومان"
380,380.0,فست فود داژو,نوشیدنی,نوشابه خانواده پپسی کولا ," ۱۷,۵۰۰ تومان"
381,381.0,فست فود داژو,نوشیدنی,دوغ بطری زالی ," ۲۴,۰۰۰ تومان"
382,382.0,فست فود داژو,نوشیدنی,آب معدنی کوچک ," ۱۹,۵۰۰ تومان"
383,383.0,فست فود تاپ تنور,پیتزا ایتالیایی,پیتزا رست بیف ایتالیایی ," ۳۸۰,۰۰۰ تومان"
384,384.0,فست فود تاپ تنور,پیتزا ایتالیایی,پیتزا استیک ایتالیایی ," ۲۸۰,۰۰۰ تومان"
385,385.0,فست فود تاپ تنور,پیتزا ایتالیایی,پیتزا تاپ میکس ایتالیایی ," ۲۸۰,۰۰۰ تومان"
386,386.0,فست فود تاپ تنور,پیتزا ایتالیایی,پیتزا سوپریم ایتالیایی ," ۲۹۰,۰۰۰ تومان"
387,387.0,فست فود تاپ تنور,پیتزا ایتالیایی,پیتزا چیکن ایتالیایی ," ۲۵۰,۰۰۰ تومان"
388,388.0,فست فود تاپ تنور,پیتزا ایتالیایی,پیتزا پپرونی ایتالیایی  ," ۲۴۵,۰۰۰ تومان"
389,389.0,فست فود تاپ تنور,برگر,برگر تنوری ," ۱۵۰,۰۰۰ تومان"
390,390.0,فست فود تاپ تنور,برگر,چیز برگر ," ۱۴۵,۰۰۰ تومان"
391,391.0,فست فود تاپ تنور,برگر,ماشروم برگر ," ۱۶۵,۰۰۰ تومان"
392,392.0,فست فود تاپ تنور,برگر,رست برگر ," ۲۴۵,۰۰۰ تومان"
393,393.0,فست فود تاپ تنور,پاستا,پاستا بیف ماشروم آلفردو ," ۲۳۰,۰۰۰ تومان"
394,394.0,فست فود تاپ تنور,پاستا,پاستا چیکن ," ۲۲۰,۰۰۰ تومان"
395,395.0,فست فود تاپ تنور,سالاد و پیش غذا,تاپ سالاد ," ۱۹۵,۰۰۰ تومان"
396,396.0,فست فود تاپ تنور,سالاد و پیش غذا,سالاد سزار گریل ," ۱۳۵,۰۰۰ تومان"
397,397.0,فست فود تاپ تنور,سالاد و پیش غذا,سیب زمینی سرخ شده ," ۶۰,۰۰۰ تومان"
398,398.0,فست فود تاپ تنور,نوشیدنی,نوشابه قوطی ," ۲۴,۰۰۰ تومان"
399,399.0,فست فود تاپ تنور,نوشیدنی,نوشابه خانواده پپسی کولا ," ۲۴,۰۰۰ تومان"
400,400.0,فست فود تاپ تنور,نوشیدنی,دوغ قوطی خوشگوار ," ۲۴,۰۰۰ تومان"
401,401.0,فست فود تاپ تنور,نوشیدنی,لیموناد شیشه ای خوشگوار ," ۳۳,۰۰۰ تومان"
402,402.0,فست فود پورت لند,پیتزا پنجره ای,پیتزا میکس آمریکایی ," ۱۴۷,۰۰۰ تومان"
403,403.0,فست فود پورت لند,پیتزا پنجره ای,پیتزا هالوپینو آمریکایی ," ۱۲۷,۰۰۰ تومان"
404,404.0,فست فود پورت لند,پیتزا پنجره ای,پیتزا سوپریم آمریکایی ," ۱۱۵,۰۰۰ تومان"
405,405.0,فست فود پورت لند,پیتزا پنجره ای,پیتزا نوستالژی آمریکایی ," ۱۱۰,۰۰۰ تومان"
406,406.0,فست فود پورت لند,پیتزا پنجره ای,پیتزا سبزیجات آمریکایی ," ۹۵,۰۰۰ تومان"
407,407.0,فست فود پورت لند,کیک پیتزایی,پیتزا میکس آمریکایی ," ۲۳۷,۰۰۰ تومان"
408,408.0,فست فود پورت لند,کیک پیتزایی,پیتزا چیکن آمریکایی ," ۱۹۷,۰۰۰ تومان"
409,409.0,فست فود پورت لند,کیک پیتزایی,پیتزا هالوپینو آمریکایی ," ۱۹۷,۰۰۰ تومان"
410,410.0,فست فود پورت لند,کیک پیتزایی,پیتزا سوپریم آمریکایی ," ۱۸۵,۰۰۰ تومان"
411,411.0,فست فود پورت لند,کیک پیتزایی,پیتزا نوستالژی آمریکایی ," ۱۸۰,۰۰۰ تومان"
412,412.0,فست فود پورت لند,برگر,چیز برگر ," ۹۶,۰۰۰ تومان"
413,413.0,فست فود پورت لند,برگر,چیلی برگر ," ۱۲۵,۰۰۰ تومان"
414,414.0,فست فود پورت لند,برگر,ماریو برگر ," ۱۰۵,۰۰۰ تومان"
415,415.0,فست فود پورت لند,برگر,ژام برگر ," ۱۱۲,۰۰۰ تومان"
416,416.0,فست فود پورت لند,برگر,چیکن برگر ," ۱۲۵,۰۰۰ تومان"
417,417.0,فست فود پورت لند,ساندویچ,ساندویچ مرغ ," ۸۳,۰۰۰ تومان"
418,418.0,فست فود پورت لند,ساندویچ,ساندویچ پپرونی تنوری ," ۸۲,۰۰۰ تومان"
419,419.0,فست فود پورت لند,ساندویچ,ساندویچ ژامبون تنوری ," ۷۵,۰۰۰ تومان"
420,420.0,فست فود پورت لند,ساندویچ,ساندویچ مخصوص ," ۷۰,۰۰۰ تومان"
421,421.0,فست فود پورت لند,ساندویچ,ساندویچ کوکتل ," ۶۵,۰۰۰ تومان"
422,422.0,فست فود پورت لند,پاستا,پاستا آلفردو ," ۹۵,۰۰۰ تومان"
423,423.0,فست فود پورت لند,سالاد و پیش غذا,سالاد سزار گریل ," ۹۶,۰۰۰ تومان"
424,424.0,فست فود پورت لند,سالاد و پیش غذا,سالاد ژامبون ," ۸۹,۰۰۰ تومان"
425,425.0,فست فود پورت لند,سالاد و پیش غذا,سیب زمینی سرخ شده ," ۵۰,۰۰۰ تومان"
426,426.0,فست فود پورت لند,سالاد و پیش غذا,چیز پوتیتو ," ۸۵,۰۰۰ تومان"
427,427.0,فست فود پورت لند,نوشیدنی,نوشابه قوطی ," ۱۹,۰۰۰ تومان"
428,428.0,فست فود پورت لند,نوشیدنی,آب معدنی کوچک ," ۱۹,۰۰۰ تومان"
429,429.0,آشپزخانه و غذای بیرون بر همیشه بهار,چلو کباب,چلو کباب کوبیده معمولی ," ۱۷۵,۰۰۰ تومان"
430,430.0,آشپزخانه و غذای بیرون بر همیشه بهار,چلو کباب,چلو کباب میکس ," ۲۱۰,۰۰۰ تومان"
431,431.0,آشپزخانه و غذای بیرون بر همیشه بهار,چلو کباب,چلو کباب وزیری ," ۱۵۰,۰۰۰ تومان"
432,432.0,آشپزخانه و غذای بیرون بر همیشه بهار,چلو کباب,چلو جوجه کباب سینه ," ۱۴۵,۰۰۰ تومان"
433,433.0,آشپزخانه و غذای بیرون بر همیشه بهار,چلو کباب,چلو کباب کوبیده مرغ ," ۱۳۰,۰۰۰ تومان"
434,434.0,آشپزخانه و غذای بیرون بر همیشه بهار,کباب,خوراک کباب کوبیده ," ۶۵,۰۰۰ تومان"
435,435.0,آشپزخانه و غذای بیرون بر همیشه بهار,کباب,خوراک کباب کوبیده مرغ ," ۴۰,۰۰۰ تومان"
436,436.0,آشپزخانه و غذای بیرون بر همیشه بهار,کباب,خوراک جوجه کباب سینه ," ۱۰۰,۰۰۰ تومان"
437,437.0,آشپزخانه و غذای بیرون بر همیشه بهار,چلو خورشت,چلو خورشت قورمه سبزی ," ۱۰۰,۰۰۰ تومان"
438,438.0,آشپزخانه و غذای بیرون بر همیشه بهار,چلو خورشت,خورشت قورمه سبزی اضافه ," ۶۰,۰۰۰ تومان"
439,439.0,آشپزخانه و غذای بیرون بر همیشه بهار,چلو خورشت,چلو خورشت قیمه بادمجان ," ۱۰۰,۰۰۰ تومان"
440,440.0,آشپزخانه و غذای بیرون بر همیشه بهار,چلو خورشت,خورشت قیمه بادمجان اضافه ," ۶۰,۰۰۰ تومان"
441,441.0,آشپزخانه و غذای بیرون بر همیشه بهار,چلو خورشت,چلو خورشت بادمجان ," ۱۰۰,۰۰۰ تومان"
442,442.0,آشپزخانه و غذای بیرون بر همیشه بهار,چلو خورشت,خورشت بادمجان اضافه ," ۶۰,۰۰۰ تومان"
443,443.0,آشپزخانه و غذای بیرون بر همیشه بهار,چلو خورشت,چلو خورشت قیمه ," ۱۰۰,۰۰۰ تومان"
444,444.0,آشپزخانه و غذای بیرون بر همیشه بهار,چلو خورشت,خورشت قیمه اضافه ," ۶۰,۰۰۰ تومان"
445,445.0,آشپزخانه و غذای بیرون بر همیشه بهار,چلو پلو ایرانی,چلو سینه مرغ سرخ شده ," ۱۳۰,۰۰۰ تومان"
446,446.0,آشپزخانه و غذای بیرون بر همیشه بهار,چلو پلو ایرانی,چلو ران مرغ سرخ شده ," ۱۳۰,۰۰۰ تومان"
447,447.0,آشپزخانه و غذای بیرون بر همیشه بهار,چلو پلو ایرانی,چلو ماهی قزل آلا سرخ شده ," ۱۸۰,۰۰۰ تومان"
448,448.0,آشپزخانه و غذای بیرون بر همیشه بهار,چلو پلو ایرانی,چلو ساده ," ۴۵,۰۰۰ تومان"
449,449.0,آشپزخانه و غذای بیرون بر همیشه بهار,خوراک,خوراک ماهی قزل آلا سرخ شده ," ۱۳۵,۰۰۰ تومان"
450,450.0,آشپزخانه و غذای بیرون بر همیشه بهار,غذای سنتی,کشک بادمجان ," ۶۰,۰۰۰ تومان"
451,451.0,آشپزخانه و غذای بیرون بر همیشه بهار,نوشیدنی,نوشابه بطری ," ۱۵,۰۰۰ تومان"
452,452.0,آشپزخانه و غذای بیرون بر همیشه بهار,نوشیدنی,نوشابه خانواده پپسی کولا ," ۱۵,۰۰۰ تومان"
453,453.0,آشپزخانه و غذای بیرون بر همیشه بهار,نوشیدنی,ماءالشعیر شیشه ای هی دی ," ۳۳,۰۰۰ تومان"
454,454.0,آشپزخانه و غذای بیرون بر همیشه بهار,نوشیدنی,ماءالشعیر خانواده هی دی ," ۳۰,۰۰۰ تومان"
455,455.0,آشپزخانه و غذای بیرون بر همیشه بهار,نوشیدنی,دوغ بطری آپادا پونه ," ۲۲,۰۰۰ تومان"
456,456.0,آشپزخانه و غذای بیرون بر همیشه بهار,نوشیدنی,دوغ بطری آپادا نعنایی ," ۲۲,۰۰۰ تومان"
457,457.0,آشپزخانه و غذای بیرون بر همیشه بهار,نوشیدنی,دوغ بطری آپادا موسیر ," ۲۲,۰۰۰ تومان"
458,458.0,آشپزخانه و غذای بیرون بر همیشه بهار,نوشیدنی,دوغ بطری آپادا هفت گیاه ," ۳۰,۰۰۰ تومان"
459,459.0,آشپزخانه و غذای بیرون بر همیشه بهار,نوشیدنی,دوغ خانواده آپادا هفت گیاه ," ۳۰,۰۰۰ تومان"
460,460.0,آشپزخانه و غذای بیرون بر همیشه بهار,نوشیدنی,دوغ خانواده آپادا موسیر ," ۳۰,۰۰۰ تومان"
461,461.0,آشپزخانه و غذای بیرون بر همیشه بهار,نوشیدنی,دوغ خانواده آپادا نعنایی ," ۱۲,۰۰۰ تومان"
462,462.0,آشپزخانه و غذای بیرون بر همیشه بهار,نوشیدنی,دوغ خانواده آپادا پونه ," ۱۲,۰۰۰ تومان"
463,463.0,آشپزخانه و غذای بیرون بر همیشه بهار,نوشیدنی,آب معدنی کوچک ," ۱۲,۰۰۰ تومان"
464,464.0,آشپزخانه و غذای بیرون بر همیشه بهار,نوشیدنی,آب معدنی بزرگ ," ۱۲,۰۰۰ تومان"
465,465.0,رستوران زنجیره ای مصطفی کلبادی نژاد,کباب,کباب لقمه مخصوص ," ۲۲۰,۰۰۰ تومان"
466,466.0,رستوران زنجیره ای مصطفی کلبادی نژاد,کباب,جوجه کباب سینه ," ۱۹۸,۰۰۰ تومان"
467,467.0,رستوران زنجیره ای مصطفی کلبادی نژاد,غذای سنتی,میرزا قاسمی ," ۹۳,۵۰۰ تومان"
468,468.0,رستوران زنجیره ای مصطفی کلبادی نژاد,سالاد و پیش غذا,زیتون پرورده شمال ," ۵۵,۰۰۰ تومان"
469,469.0,رستوران زنجیره ای مصطفی کلبادی نژاد,سالاد و پیش غذا,زیتون شور ," ۴۴,۰۰۰ تومان"
470,470.0,رستوران زنجیره ای مصطفی کلبادی نژاد,سالاد و پیش غذا,سوپ جو ," ۵۵,۰۰۰ تومان"
471,471.0,رستوران زنجیره ای مصطفی کلبادی نژاد,سالاد و پیش غذا,ماست سبزیجات ," ۴۴,۰۰۰ تومان"
472,472.0,رستوران زنجیره ای مصطفی کلبادی نژاد,سالاد و پیش غذا,ماست بادمجان ," ۴۴,۰۰۰ تومان"
473,473.0,رستوران زنجیره ای مصطفی کلبادی نژاد,نوشیدنی سرد,شربت بهار نارنج مخصوص ," ۴۴,۰۰۰ تومان"
474,474.0,رستوران زنجیره ای مصطفی کلبادی نژاد,نوشیدنی,دوغ بطری مخصوص ," ۴۴,۰۰۰ تومان"
475,475.0,رستوران زنجیره ای مصطفی کلبادی نژاد,نوشیدنی,نوشابه قوطی ," ۲۴,۰۰۰ تومان"
476,476.0,رستوران زنجیره ای مصطفی کلبادی نژاد,نوشیدنی,نوشابه خانواده پپسی کولا ," ۲۴,۰۰۰ تومان"
477,477.0,رستوران زنجیره ای مصطفی کلبادی نژاد,نوشیدنی,ماءالشعیر قوطی هی دی ," ۲۴,۰۰۰ تومان"
478,478.0,رستوران زنجیره ای مصطفی کلبادی نژاد,نوشیدنی,ماءالشعیر خانواده هی دی ," ۳۳,۰۰۰ تومان"
479,479.0,رستوران زنجیره ای مصطفی کلبادی نژاد,نوشیدنی,آب معدنی کوچک ," ۳۳,۰۰۰ تومان"
480,480.0,جگرکی باباطاهر,کباب,خوراک رول چنجه ," ۱۵۵,۰۰۰ تومان"
481,481.0,جگرکی باباطاهر,کباب,خوراک کباب لقمه مخصوص ," ۱۵۸,۰۰۰ تومان"
482,482.0,جگرکی باباطاهر,کباب,کباب چنجه شکاری ," ۱۵۳,۰۰۰ تومان"
483,483.0,جگرکی باباطاهر,کباب,خوراک ماهی کبابی ," ۱۲۰,۰۰۰ تومان"
484,484.0,جگرکی باباطاهر,کباب,کباب کوبیده تور ," ۸۸,۰۰۰ تومان"
485,485.0,جگرکی باباطاهر,کباب,کباب چنجه ," ۷۷,۰۰۰ تومان"
486,486.0,جگرکی باباطاهر,کباب,خوراک کباب کوبیده ," ۶۸,۰۰۰ تومان"
487,487.0,جگرکی باباطاهر,کباب,جوجه کباب سینه ," ۷۵,۰۰۰ تومان"
488,488.0,جگرکی باباطاهر,کباب,بال کبابی ," ۶۵,۰۰۰ تومان"
489,489.0,جگرکی باباطاهر,کباب,پاچین کبابی ," ۶۵,۰۰۰ تومان"
490,490.0,جگرکی باباطاهر,کباب,کباب کوبیده مرغ ," ۴۰,۰۰۰ تومان"
491,491.0,جگرکی باباطاهر,کباب,گوجه کبابی ," ۱۵,۰۰۰ تومان"
492,492.0,جگرکی باباطاهر,کباب,فلفل کبابی ," ۱۰,۰۰۰ تومان"
493,493.0,جگرکی باباطاهر,دل و جگر,جگر پیچ گوسفندی کبابی ," ۶۱,۰۰۰ تومان"
494,494.0,جگرکی باباطاهر,دل و جگر,جگر گوسفندی کبابی ," ۵۵,۰۰۰ تومان"
495,495.0,جگرکی باباطاهر,دل و جگر,دل گوسفندی کبابی ," ۵۵,۰۰۰ تومان"
496,496.0,جگرکی باباطاهر,دل و جگر,جگر گوساله کبابی ," ۴۸,۰۰۰ تومان"
497,497.0,جگرکی باباطاهر,دل و جگر,قلوه گوساله کبابی ," ۴۸,۰۰۰ تومان"
498,498.0,جگرکی باباطاهر,دل و جگر,دنبه گوسفندی کبابی ," ۳۵,۰۰۰ تومان"
499,499.0,جگرکی باباطاهر,خوراک دل و جگر,قارچ کبابی ," ۳۰,۰۰۰ تومان"
500,500.0,جگرکی باباطاهر,نوشیدنی,نوشابه بطری ," ۱۵,۰۰۰ تومان"
501,501.0,جگرکی باباطاهر,نوشیدنی,نوشابه قوطی ," ۱۱,۰۰۰ تومان"
502,502.0,جگرکی باباطاهر,نوشیدنی,نوشابه خانواده پپسی کولا ," ۱۱,۰۰۰ تومان"
503,503.0,جگرکی باباطاهر,نوشیدنی,ماءالشعیر شیشه ای هی دی ," ۲۴,۰۰۰ تومان"
504,504.0,جگرکی باباطاهر,نوشیدنی,ماءالشعیر خانواده هی جو ," ۲۰,۰۰۰ تومان"
505,505.0,جگرکی باباطاهر,نوشیدنی,لیموناد شیشه ای زمزم ," ۲۰,۰۰۰ تومان"
506,506.0,جگرکی باباطاهر,نوشیدنی,دوغ بطری زالی ," ۳۳,۰۰۰ تومان"
507,507.0,جگرکی باباطاهر,نوشیدنی,دوغ خانواده زالی ," ۳۰,۰۰۰ تومان"
508,508.0,جگرکی باباطاهر,نوشیدنی,آب معدنی کوچک ," ۳۰,۰۰۰ تومان"
509,509.0,جگرکی باباطاهر,نوشیدنی,آب معدنی بزرگ ," ۲۵,۰۰۰ تومان"
510,510.0,رستوران گیلانی,چلو کباب,چلو کباب کوبیده معمولی ," ۲۴۷,۰۰۰ تومان"
511,511.0,رستوران گیلانی,کباب,خوراک کباب بختیاری ," ۲۵۰,۰۰۰ تومان"
512,512.0,رستوران گیلانی,کباب,خوراک کباب لقمه ," ۳۷۵,۰۰۰ تومان"
513,513.0,رستوران گیلانی,کباب,خوراک کباب بناب ," ۲۵۰,۰۰۰ تومان"
514,514.0,رستوران گیلانی,کباب,خوراک کباب کوبیده مخصوص ," ۱۲۵,۰۰۰ تومان"
515,515.0,رستوران گیلانی,کباب,خوراک کباب کوبیده معمولی ," ۹۰,۰۰۰ تومان"
516,516.0,رستوران گیلانی,چلو خورشت,چلو خورشت قیمه بادمجان ," ۱۷۷,۰۰۰ تومان"
517,517.0,رستوران گیلانی,چلو خورشت,چلو خورشت قورمه سبزی ," ۱۸۲,۰۰۰ تومان"
518,518.0,رستوران گیلانی,چلو پلو ایرانی,چلو ایرانی  ," ۶۷,۰۰۰ تومان"
519,519.0,رستوران گیلانی,چلو پلو ایرانی,چلو ایرانی روغن گوسفندی  ," ۸۰,۰۰۰ تومان"
520,520.0,رستوران گیلانی,چلو پلو ایرانی,چلو کباب کوبیده مخصوص ," ۳۱۷,۰۰۰ تومان"
521,521.0,رستوران گیلانی,چلو پلو ایرانی,چلو کباب کوبیده معمولی ," ۲۴۷,۰۰۰ تومان"
522,522.0,رستوران گیلانی,چلو پلو ایرانی,چلو ران مرغ سرخ شده ," ۱۸۷,۰۰۰ تومان"
523,523.0,رستوران گیلانی,خوراک,خوراک قورمه گوساله ," ۳۲۰,۰۰۰ تومان"
524,524.0,رستوران گیلانی,خوراک,خوراک ران مرغ زعفرانی سرخ کرده ," ۱۲۰,۰۰۰ تومان"
525,525.0,رستوران گیلانی,خوراک,خوراک مرغ ترش ," ۱۳۵,۰۰۰ تومان"
526,526.0,رستوران گیلانی,خوراک,خورشت قورمه سبزی ," ۱۱۵,۰۰۰ تومان"
527,527.0,رستوران گیلانی,خوراک,خورشت قیمه بادمجان ," ۱۱۰,۰۰۰ تومان"
528,528.0,رستوران گیلانی,خوراک,میرزاقاسمی ," ۸۰,۰۰۰ تومان"
529,529.0,رستوران گیلانی,خوراک,خوراک ماهی قزل آلا ," ۲۷۰,۰۰۰ تومان"
530,530.0,رستوران گیلانی,خوراک,ماهیچه گوسفندی ," ۸۷۰,۰۰۰ تومان"
531,531.0,رستوران گیلانی,خوراک,راسته گوسفندی ," ۸۷۰,۰۰۰ تومان"
532,532.0,رستوران گیلانی,سالاد و پیش غذا,ماست محلی  ," ۴۰,۰۰۰ تومان"
533,533.0,رستوران گیلانی,سالاد و پیش غذا,ماست موسیر  ," ۴۰,۰۰۰ تومان"
534,534.0,رستوران گیلانی,سالاد و پیش غذا,دسر ژله و کارامل ," ۴۰,۰۰۰ تومان"
535,535.0,رستوران گیلانی,سالاد و پیش غذا,سالاد کلم ," ۴۰,۰۰۰ تومان"
536,536.0,رستوران گیلانی,سالاد و پیش غذا,زیتون پرورده ," ۴۰,۰۰۰ تومان"
537,537.0,رستوران گیلانی,نوشیدنی,دوغ خانواده محلی ," ۶۰,۰۰۰ تومان"
538,538.0,رستوران گیلانی,نوشیدنی,نوشابه بطری ," ۱۴,۰۰۰ تومان"
539,539.0,رستوران گیلانی,نوشیدنی,نوشابه قوطی ," ۱۴,۰۰۰ تومان"
540,540.0,رستوران گیلانی,نوشیدنی,ماءالشعیر قوطی هی دی ," ۲۴,۰۰۰ تومان"
541,541.0,رستوران گیلانی,نوشیدنی,آب معدنی کوچک ," ۲۴,۰۰۰ تومان"
542,542.0,رستوران گیلانی,نوشیدنی,آب معدنی بزرگ ," ۲۴,۰۰۰ تومان"
543,543.0,فست فود کنج گلستان,پیتزا آمریکایی,پیتزا پپرونی آمریکایی ," ۱۸۸,۰۰۰ تومان"
544,544.0,فست فود کنج گلستان,پیتزا آمریکایی,پیتزا فیلادلفیا آمریکایی ," ۲۴۵,۰۰۰ تومان"
545,545.0,فست فود کنج گلستان,پیتزا آمریکایی,پیتزا تاکو آمریکایی ," ۱۹۸,۰۰۰ تومان"
546,546.0,فست فود کنج گلستان,پیتزا آمریکایی,پیتزا فیلیتو آمریکایی ," ۲۴۰,۰۰۰ تومان"
547,547.0,فست فود کنج گلستان,پیتزا آمریکایی,پیتزا سیسیلی آمریکایی ," ۱۹۰,۰۰۰ تومان"
548,548.0,فست فود کنج گلستان,پیتزا آمریکایی,پیتزا کالزونه آمریکایی ," ۱۸۵,۰۰۰ تومان"
549,549.0,فست فود کنج گلستان,پیتزا ایتالیایی,پیتزا مخصوص کنج ایتالیایی ," ۳۳۰,۰۰۰ تومان"
550,550.0,فست فود کنج گلستان,پیتزا ایتالیایی,پیتزا چهارفصل ایتالیایی ," ۳۴۵,۰۰۰ تومان"
551,551.0,فست فود کنج گلستان,پیتزا ایتالیایی,پیتزا سیسیلی ایتالیایی ," ۲۶۰,۰۰۰ تومان"
552,552.0,فست فود کنج گلستان,پیتزا ایتالیایی,پیتزا فیلیتو ایتالیایی ," ۲۷۰,۰۰۰ تومان"
553,553.0,فست فود کنج گلستان,پیتزا ایتالیایی,پیتزا آمریکانو ایتالیایی ," ۲۳۰,۰۰۰ تومان"
554,554.0,فست فود کنج گلستان,پیتزا ایتالیایی,پیتزا کاپری چیوسا ایتالیایی ," ۲۳۵,۰۰۰ تومان"
555,555.0,فست فود کنج گلستان,پیتزا ایتالیایی,پیتزا سوپریم ایتالیایی ," ۲۵۵,۰۰۰ تومان"
556,556.0,فست فود کنج گلستان,پیتزا ایتالیایی,پیتزا پپرونی ایتالیایی  ," ۲۱۰,۰۰۰ تومان"
557,557.0,فست فود کنج گلستان,پیتزا ایتالیایی,پیتزا سالسا ایتالیایی ," ۳۵۰,۰۰۰ تومان"
558,558.0,فست فود کنج گلستان,پیتزا ایتالیایی,پیتزا پیده ایتالیایی ," ۲۸۰,۰۰۰ تومان"
559,559.0,فست فود کنج گلستان,پیتزا ایتالیایی,پیتزا چانو ایتالیایی ," ۲۷۰,۰۰۰ تومان"
560,560.0,فست فود کنج گلستان,پیتزا ایتالیایی,پیتزا دیو ایتالیایی ," ۲۹۰,۰۰۰ تومان"
561,561.0,فست فود کنج گلستان,پیتزا ایتالیایی,پیتزا مکزیکانو ایتالیایی ," ۲۴۰,۰۰۰ تومان"
562,562.0,فست فود کنج گلستان,پیتزا ایتالیایی,پیتزا چیکن لاور ایتالیایی ," ۲۴۵,۰۰۰ تومان"
563,563.0,فست فود کنج گلستان,پیتزا ایتالیایی,پیتزا چیکن باربیکیو ایتالیایی ," ۲۴۰,۰۰۰ تومان"
564,564.0,فست فود کنج گلستان,پیتزا ایتالیایی,پیتزا وجترینا ایتالیایی ," ۱۸۰,۰۰۰ تومان"
565,565.0,فست فود کنج گلستان,پیتزا ایتالیایی,پیتزا مارگاریتا ایتالیایی ," ۱۷۰,۰۰۰ تومان"
566,566.0,فست فود کنج گلستان,برگر,ذغالی برگر ," ۱۶۰,۰۰۰ تومان"
567,567.0,فست فود کنج گلستان,برگر,اسپشیال کنج برگر ," ۲۹۵,۰۰۰ تومان"
568,568.0,فست فود کنج گلستان,برگر,چیزبرگر مخصوص ," ۱۹۰,۰۰۰ تومان"
569,569.0,فست فود کنج گلستان,برگر,دبل برگر ," ۲۶۵,۰۰۰ تومان"
570,570.0,فست فود کنج گلستان,برگر,ماشروم برگر ," ۱۹۵,۰۰۰ تومان"
571,571.0,فست فود کنج گلستان,برگر,چیز برگر ," ۱۷۰,۰۰۰ تومان"
572,572.0,فست فود کنج گلستان,برگر,رویال برگر ," ۲۴۵,۰۰۰ تومان"
573,573.0,فست فود کنج گلستان,برگر,کنج برگر ," ۲۱۰,۰۰۰ تومان"
574,574.0,فست فود کنج گلستان,ساندویچ,ساندویچ رست بیف ," ۲۵۰,۰۰۰ تومان"
575,575.0,فست فود کنج گلستان,ساندویچ,ساندویچ اسپشیال کنج ," ۲۹۵,۰۰۰ تومان"
576,576.0,فست فود کنج گلستان,ساندویچ,ساندویچ فیله مرغ سوخاری ," ۱۷۵,۰۰۰ تومان"
577,577.0,فست فود کنج گلستان,ساندویچ,ساندویچ هات رویال ," ۲۴۰,۰۰۰ تومان"
578,578.0,فست فود کنج گلستان,ساندویچ,ساندویچ ژامبون گوشت تنوری ," ۱۹۵,۰۰۰ تومان"
579,579.0,فست فود کنج گلستان,سوخاری,فیله مرغ سوخاری ," ۲۹۵,۰۰۰ تومان"
580,580.0,فست فود کنج گلستان,استیک,استیک مرغ ," ۳۰۰,۰۰۰ تومان"
581,581.0,فست فود کنج گلستان,پاستا,پاستا پنه گوشت ," ۲۱۰,۰۰۰ تومان"
582,582.0,فست فود کنج گلستان,غذای فرنگی,بیف استروگانف ," ۲۸۰,۰۰۰ تومان"
583,583.0,فست فود کنج گلستان,سالاد,سالاد سزار با فیله مرغ گریل شده ," ۲۱۰,۰۰۰ تومان"
584,584.0,فست فود کنج گلستان,پیش غذا,ابر پتیتو ," ۲۱۰,۰۰۰ تومان"
585,585.0,فست فود کنج گلستان,پیش غذا,چیپس و پنیر ," ۱۹۵,۰۰۰ تومان"
586,586.0,فست فود کنج گلستان,پیش غذا,نان سیر پیتزایی ," ۱۵۰,۰۰۰ تومان"
587,587.0,فست فود کنج گلستان,پیش غذا,سیب زمینی سرخ شده ," ۶۸,۰۰۰ تومان"
588,588.0,فست فود کنج گلستان,پیش غذا,سیب زمینی سرخ شده مخصوص ," ۲۱۰,۰۰۰ تومان"
589,589.0,فست فود کنج گلستان,نوشیدنی,نوشابه قوطی ," ۲۲,۰۰۰ تومان"
590,590.0,فست فود کنج گلستان,نوشیدنی,ماءالشعیر شیشه ای هی دی ," ۲۲,۰۰۰ تومان"
591,591.0,فست فود کنج گلستان,نوشیدنی,ماءالشعیر قوطی هی دی ," ۲۲,۰۰۰ تومان"
592,592.0,فست فود کنج گلستان,نوشیدنی,آب معدنی کوچک ," ۲۶,۰۰۰ تومان"
0,,مرغ بریانی گیلاس,مرغ بریان,مرغ بریان کامل ," ۳۰۰,۰۰۰ تومان"
1,,مرغ بریانی گیلاس,مرغ بریان,بال مرغ بریان ," ۱۷۰,۰۰۰ تومان"
2,,مرغ بریانی گیلاس,مرغ بریان,ران مرغ بریان ," ۳۴۰,۰۰۰ تومان"
3,,مرغ بریانی گیلاس,نوشیدنی,نوشابه بطری ," ۱۱,۰۰۰ تومان"
4,,مرغ بریانی گیلاس,نوشیدنی,کوکاکولا ," ۱۴,۰۰۰ تومان"
5,,مرغ بریانی گیلاس,نوشیدنی,نوشابه خانواده پپسی کولا ," ۱۴,۰۰۰ تومان"
6,,مرغ بریانی گیلاس,نوشیدنی,ماءالشعیر شیشه ای دلستر ," ۲۰,۰۰۰ تومان"
7,,مرغ بریانی گیلاس,نوشیدنی,ماءالشعیر خانواده دلستر ," ۲۰,۰۰۰ تومان"
8,,مرغ بریانی گیلاس,نوشیدنی,دوغ بطری عالیس ," ۲۰,۰۰۰ تومان"
9,,مرغ بریانی گیلاس,نوشیدنی,دوغ خانواده عالیس ," ۳۳,۰۰۰ تومان"
10,,مرغ بریانی گیلاس,نوشیدنی,آب معدنی کوچک ," ۳۳,۰۰۰ تومان"
11,,مرغ بریانی گیلاس,نوشیدنی,آب معدنی بزرگ ," ۳۳,۰۰۰ تومان"
